{"indexes":[{"v":{"$numberInt":"2"},"key":{"_id":{"$numberInt":"1"}},"name":"_id_"},{"v":{"$numberInt":"2"},"unique":true,"key":{"id":{"$numberInt":"1"}},"name":"__primary_key__"},{"v":{"$numberInt":"2"},"unique":true,"key":{"content_type_id":{"$numberInt":"1"},"codename":{"$numberInt":"1"}},"name":"auth_permission_content_type_id_codename_01ab375a_uniq"},{"v":{"$numberInt":"2"},"key":{"content_type_id":{"$numberInt":"1"}},"name":"auth_permission_content_type_id_2f476e4b"}],"uuid":"2240c1fce78145139c915ae1c35e67f3","collectionName":"auth_permission","type":"collection"}