{"indexes":[{"v":{"$numberInt":"2"},"key":{"_id":{"$numberInt":"1"}},"name":"_id_"},{"v":{"$numberInt":"2"},"unique":true,"key":{"id":{"$numberInt":"1"}},"name":"__primary_key__"},{"v":{"$numberInt":"2"},"unique":true,"key":{"group_id":{"$numberInt":"1"},"permission_id":{"$numberInt":"1"}},"name":"auth_group_permissions_group_id_permission_id_0cd325b0_uniq"},{"v":{"$numberInt":"2"},"key":{"group_id":{"$numberInt":"1"}},"name":"auth_group_permissions_group_id_b120cbf9"},{"v":{"$numberInt":"2"},"key":{"permission_id":{"$numberInt":"1"}},"name":"auth_group_permissions_permission_id_84c5c92e"}],"uuid":"5d8c16630b114debb62ae060fbb7c0c5","collectionName":"auth_group_permissions","type":"collection"}