{"indexes":[{"v":{"$numberInt":"2"},"key":{"_id":{"$numberInt":"1"}},"name":"_id_"},{"v":{"$numberInt":"2"},"unique":true,"key":{"id":{"$numberInt":"1"}},"name":"__primary_key__"},{"v":{"$numberInt":"2"},"unique":true,"key":{"user_id":{"$numberInt":"1"},"group_id":{"$numberInt":"1"}},"name":"auth_user_groups_user_id_group_id_94350c0c_uniq"},{"v":{"$numberInt":"2"},"key":{"user_id":{"$numberInt":"1"}},"name":"auth_user_groups_user_id_6a12ed8b"},{"v":{"$numberInt":"2"},"key":{"group_id":{"$numberInt":"1"}},"name":"auth_user_groups_group_id_97559544"}],"uuid":"11ba10d408de4adaa7c118c9e96c024c","collectionName":"auth_user_groups","type":"collection"}