{"indexes":[{"v":{"$numberInt":"2"},"key":{"_id":{"$numberInt":"1"}},"name":"_id_"},{"v":{"$numberInt":"2"},"unique":true,"key":{"id":{"$numberInt":"1"}},"name":"__primary_key__"},{"v":{"$numberInt":"2"},"unique":true,"key":{"user_id":{"$numberInt":"1"},"permission_id":{"$numberInt":"1"}},"name":"auth_user_user_permiss_user_id_permission_id_14a6b632_uniq"},{"v":{"$numberInt":"2"},"key":{"user_id":{"$numberInt":"1"}},"name":"auth_user_user_permissions_user_id_a95ead1b"},{"v":{"$numberInt":"2"},"key":{"permission_id":{"$numberInt":"1"}},"name":"auth_user_user_permissions_permission_id_1fbb5f2c"}],"uuid":"e9016d8d713d458c9f29ce912b0f5170","collectionName":"auth_user_user_permissions","type":"collection"}