{"indexes":[{"v":{"$numberInt":"2"},"key":{"_id":{"$numberInt":"1"}},"name":"_id_"},{"v":{"$numberInt":"2"},"unique":true,"key":{"id":{"$numberInt":"1"}},"name":"__primary_key__"},{"v":{"$numberInt":"2"},"key":{"content_type_id":{"$numberInt":"1"}},"name":"django_admin_log_content_type_id_c4bce8eb"},{"v":{"$numberInt":"2"},"key":{"user_id":{"$numberInt":"1"}},"name":"django_admin_log_user_id_c564eba6"}],"uuid":"a9c64ce2b90c4a45be82fe40fa129342","collectionName":"django_admin_log","type":"collection"}